Cases,Initial_Monthly_Revenue,Initial_Monthly_ Expenses,Loan_Incurred,RevGR - 2,ExpGR - 2,RevGR - 3,ExpGR - 3,RevGR - 5,ExpGR - 5,Total Revenue,Net Revenue
profit_Both,5000,3000,63814.07812500002,10,12,7.5,6,5,2.5,322552.2139207664,290296.99252868973
Profit_Equity,5000,3000,0.0,10,12,7.5,6,5,2.5,358829.8588648789,287063.88709190313
Profit_Loan,5000,3000,127628.15625000004,10,12,7.5,6,5,2.5,258738.1357957663,258738.1357957663
Loss_Equity,5000,3000,0.0,12,12,5.0,8,0,2.0,281465.0406313555,225172.0325050844
Loss_Both,5000,3000,63814.07812500002,12,12,5.0,8,0,2.0,217650.96250635546,195885.8662557199
Constant_Equity,5000,3000,0.0,0,0,0.0,0,0,0.0,240000.0,192000.0
Constant_Both,5000,3000,63814.07812500002,0,0,0.0,0,0,0.0,176185.92187499997,158567.32968749997
Loss_Loan,5000,3000,127628.15625000004,12,12,5.0,8,0,2.0,153836.88438135543,153836.88438135543
Constant_Loan,5000,3000,127628.15625000004,0,0,0.0,0,0,0.0,112371.84374999996,112371.84374999996
